Company,Model,MAE,RMSE,R2_Score
HCLTECH,Linear Regression,17.85514059865169,25.21808185449853,0.9734331254489368
HCLTECH,Random Forest,183.1758261029526,229.59657755015763,-1.2021514564957734
HCLTECH,Gradient Boosting,197.8245909137457,243.34127684495905,-1.47370513144442
INFOSYS,Linear Regression,17.974723549436103,24.95197790221642,0.9788329056588977
INFOSYS,Random Forest,22.90104358711015,30.95010439363807,0.967433166964324
INFOSYS,Gradient Boosting,26.035051984285115,35.70606297394643,0.9566553775528867
TCS,Linear Regression,34.97086137713046,48.914323483643166,0.9884973093204366
TCS,Random Forest,175.14947906797497,264.271201520224,0.6642414991429176
TCS,Gradient Boosting,163.3998082350341,246.53008920193028,0.707808751372308
TECHM,Linear Regression,17.824006108690657,23.7060724672845,0.9764315816937602
TECHM,Random Forest,22.772045876595897,29.618815996320308,0.9632085749462067
TECHM,Gradient Boosting,21.448616862898177,27.977512730673315,0.9671731336938558
WIPRO,Linear Regression,3.7676799359105435,5.11017455960756,0.9494876852983296
WIPRO,Random Forest,4.01196838469913,5.298012534513015,0.945706009562825
WIPRO,Gradient Boosting,3.5406627782529605,4.822392269986766,0.9550167460079533
